{"inputUnits":[34],"outputUnits":4,"inputs":{"0":{"dtype":"number","min":249.09079389962534,"max":390.6393010249147},"1":{"dtype":"number","min":55.66553186487269,"max":170.68536591111567},"2":{"dtype":"number","min":265.6831892284966,"max":403.7470139769318},"3":{"dtype":"number","min":43.00767180980064,"max":157.4889244391904},"4":{"dtype":"number","min":232.4856246145148,"max":379.47166632490547},"5":{"dtype":"number","min":43.75363652933875,"max":160.96174288446673},"6":{"dtype":"number","min":279.2737950590851,"max":419.80937147233453},"7":{"dtype":"number","min":61.65876109697663,"max":165.8858616403204},"8":{"dtype":"number","min":212.28223477190696,"max":364.3661766721491},"9":{"dtype":"number","min":63.34491811532956,"max":168.72808980662919},"10":{"dtype":"number","min":311.50296514262,"max":460.3509035166244},"11":{"dtype":"number","min":147.74285686411122,"max":230.39969936913678},"12":{"dtype":"number","min":182.30468631023086,"max":343.10022484256973},"13":{"dtype":"number","min":139.02761522557068,"max":230.8570430525097},"14":{"dtype":"number","min":339.0507165265594,"max":552.9088475039596},"15":{"dtype":"number","min":121.2232777853923,"max":312.1554273936251},"16":{"dtype":"number","min":117.3844057495831,"max":379.96098509076506},"17":{"dtype":"number","min":122.78986107303848,"max":316.472258688646},"18":{"dtype":"number","min":266.88601012350756,"max":533.1714866593567},"19":{"dtype":"number","min":27.670098912646196,"max":404.88043772082113},"20":{"dtype":"number","min":60.096534706695735,"max":469.323190313566},"21":{"dtype":"number","min":17.26469935961866,"max":411.17761087696454},"22":{"dtype":"number","min":304.3558932001363,"max":423.06104871961804},"23":{"dtype":"number","min":344.0247748004995,"max":404.678717719184},"24":{"dtype":"number","min":205.59427778158502,"max":336.23377809282863},"25":{"dtype":"number","min":355.03529093186523,"max":419.66537148399425},"26":{"dtype":"number","min":297.30184112608316,"max":445.03402799193617},"27":{"dtype":"number","min":513.0075816847892,"max":557.0742780005025},"28":{"dtype":"number","min":198.55754175613728,"max":338.8834487439131},"29":{"dtype":"number","min":508.42316923085707,"max":553.6136358012},"30":{"dtype":"number","min":292.8421258461638,"max":458.47256792451435},"31":{"dtype":"number","min":551.9762642248796,"max":563.2267059266683},"32":{"dtype":"number","min":196.2800633837605,"max":338.38093131141585},"33":{"dtype":"number","min":552.7645499246162,"max":563.1157917818363}},"outputs":{"0":{"dtype":"string","min":0,"max":1,"uniqueValues":["n","j","h","u"],"legend":{"n":[1,0,0,0],"j":[0,1,0,0],"h":[0,0,1,0],"u":[0,0,0,1]}}},"isNormalized":true}